[
  {
    "id": 1,
    "title": "Alice's Adventures in Wonderland",
    "author": "Lewis Carroll",
    "Year": 1865
  },
  {
    "id": 2,
    "title": "The Snow Queen",
    "author": "H. C. Andersen",
    "Year": 1944
  },
  {
    "id": 3,
    "title": "The Tale of Peter Rabbit",
    "author": "Beatrix Potter",
    "Year": 1901
  },
  {
    "id": 4,
    "title": "The Wizard of Oz",
    "author": "L. Frank Baum",
    "Year": 1900
  },
  {
    "id": 5,
    "title": "Winnie-the-Pooh",
    "author": "A. A. Milne",
    "Year": 1926
  }
]